,mean_fit_time,std_fit_time,mean_score_time,std_score_time,param_C,param_gamma,param_kernel,params,split0_test_score,split1_test_score,split2_test_score,mean_test_score,std_test_score,rank_test_score
0,15.704700469970703,1.7246625568316487,4.899720907211304,0.6811543017398496,1e-05,1e-05,poly,"{'C': 1e-05, 'gamma': 1e-05, 'kernel': 'poly'}",0.6670941541092231,0.6666666666666666,0.6666666666666666,0.6668091777015116,0.00020152489367166243,207
1,22.197480758031208,0.4544338663820349,6.757057269414266,0.3358208156266563,1e-05,1e-05,rbf,"{'C': 1e-05, 'gamma': 1e-05, 'kernel': 'rbf'}",0.6819578577699736,0.6675935828877005,0.6674510642849503,0.6723346899019061,0.006805401097555776,175
2,23.064905643463135,0.6014519547338527,7.47889773050944,0.06254292498987957,1e-05,1e-05,sigmoid,"{'C': 1e-05, 'gamma': 1e-05, 'kernel': 'sigmoid'}",0.6820974111452391,0.6675221901400921,0.6673796791443851,0.67233362257445,0.006904839307862415,180
3,17.08872167269389,0.5634818291966269,5.437690814336141,0.07303860100170699,1e-05,0.0001,poly,"{'C': 1e-05, 'gamma': 0.0001, 'kernel': 'poly'}",0.6670941541092231,0.6666666666666666,0.6666666666666666,0.6668091777015116,0.00020152489367166243,207
4,20.725356499354046,0.6777058549965579,6.6265207926432295,0.2023185310759402,1e-05,0.0001,rbf,"{'C': 1e-05, 'gamma': 0.0001, 'kernel': 'rbf'}",0.6831628725393161,0.6691680960548886,0.6693141569174627,0.6738821963859214,0.006563225638659082,168
5,22.175398588180542,0.8728494225320459,8.024277846018473,0.18945710270180072,1e-05,0.0001,sigmoid,"{'C': 1e-05, 'gamma': 0.0001, 'kernel': 'sigmoid'}",0.6820974111452391,0.6675221901400921,0.6673796791443851,0.67233362257445,0.006904839307862415,180
6,17.75804615020752,0.33504982690916846,5.528257131576538,0.0471367218544507,1e-05,0.001,poly,"{'C': 1e-05, 'gamma': 0.001, 'kernel': 'poly'}",0.6670941541092231,0.6666666666666666,0.6666666666666666,0.6668091777015116,0.00020152489367166243,207
7,20.343571027119953,0.6552356255360517,6.661504824956258,0.16930428362757857,1e-05,0.001,rbf,"{'C': 1e-05, 'gamma': 0.001, 'kernel': 'rbf'}",0.7001921121030625,0.6997288748305468,0.7030948872009977,0.7010050681784776,0.0014895437953327617,153
8,21.997111320495605,0.6270414579162931,7.932550350824992,0.08973976039150118,1e-05,0.001,sigmoid,"{'C': 1e-05, 'gamma': 0.001, 'kernel': 'sigmoid'}",0.6821722435545804,0.6675935828877005,0.6673796791443851,0.6723823694997694,0.006923591610324885,172
9,17.44243923823039,0.8468002909445289,5.594343185424805,0.11641597745524102,1e-05,0.01,poly,"{'C': 1e-05, 'gamma': 0.01, 'kernel': 'poly'}",0.6670941541092231,0.6666666666666666,0.6666666666666666,0.6668091777015116,0.00020152489367166243,207
10,20.135802110036213,0.5024331634013814,6.620548168818156,0.05741177748516437,1e-05,0.01,rbf,"{'C': 1e-05, 'gamma': 0.01, 'kernel': 'rbf'}",0.7851832182687202,0.7897041263102029,0.7874601487778959,0.7874491632789847,0.0018457678886551988,118
11,22.48427430788676,0.26495631642342676,7.995447158813477,0.21755598728914727,1e-05,0.01,sigmoid,"{'C': 1e-05, 'gamma': 0.01, 'kernel': 'sigmoid'}",0.6876384581302614,0.672923408845739,0.6729294892560198,0.6778309755726211,0.006935493439878376,162
12,17.216824928919475,0.9500609894264381,5.585610866546631,0.11403555062133332,1e-05,0.1,poly,"{'C': 1e-05, 'gamma': 0.1, 'kernel': 'poly'}",0.675546891921161,0.6752488100389442,0.6746675316250406,0.6751544632009843,0.0003651350134453653,164
13,20.950775225957234,0.6163620728901761,6.70776089032491,0.17411795370413805,1e-05,0.1,rbf,"{'C': 1e-05, 'gamma': 0.1, 'kernel': 'rbf'}",0.4495322501230921,0.5334883720930232,0.5243987858977351,0.5024707940544146,0.03761965709138174,278
14,26.350954214731853,0.7830080720381642,9.654730399449667,0.2535807057572978,1e-05,0.1,sigmoid,"{'C': 1e-05, 'gamma': 0.1, 'kernel': 'sigmoid'}",0.7706830995148815,0.7751371115173674,0.7746331236897275,0.7734843222114502,0.0019915784303084594,132
15,10.06481647491455,0.10362947664318378,3.0366718769073486,0.034948928815259794,1e-05,1,poly,"{'C': 1e-05, 'gamma': 1, 'kernel': 'poly'}",0.8623308022449653,0.8643315244203255,0.8596985257578268,0.8621205428206358,0.0018971987249084357,79
16,16.92670687039693,0.6358351050999281,6.722961902618408,0.2058838895729988,1e-05,1,rbf,"{'C': 1e-05, 'gamma': 1, 'kernel': 'rbf'}",0.14226190476190478,0.19803695150115475,0.22171558848674836,0.18733447623111127,0.03330724278376202,292
17,27.27588677406311,0.1707631676544399,9.761999924977621,0.1648720950557016,1e-05,1,sigmoid,"{'C': 1e-05, 'gamma': 1, 'kernel': 'sigmoid'}",0.7773747144968426,0.7816122944189808,0.7820911673204383,0.7803592070995571,0.0021195587948575696,130
18,49.57269303003947,5.93691662459589,0.8716678619384766,0.006727234761328982,1e-05,10,poly,"{'C': 1e-05, 'gamma': 10, 'kernel': 'poly'}",0.9296290642649976,0.9333735302984625,0.9359769940971697,0.9329928775064866,0.002605405256346808,14
19,17.938317855199177,0.6118715853815525,7.931032021840413,0.20062124095812933,1e-05,10,rbf,"{'C': 1e-05, 'gamma': 10, 'kernel': 'rbf'}",0.6679507758159443,0.6178033658104517,0.37542306690965893,0.5537447815396408,0.12772389965405342,273
20,22.648269255956013,0.8689544221943868,7.481587092081706,0.21395064845224493,1e-05,10,sigmoid,"{'C': 1e-05, 'gamma': 10, 'kernel': 'sigmoid'}",0.778046811945117,0.7818574514038876,0.7821380243572396,0.7806806069116461,0.0018660421241720752,128
21,77.47347680727641,10.147997054146193,0.7674551804860433,0.01557679003681868,1e-05,100,poly,"{'C': 1e-05, 'gamma': 100, 'kernel': 'poly'}",0.9271502907866545,0.9254537273136343,0.9294755877034359,0.9273596426111643,0.0016485348203327946,36
22,15.142608722050985,0.376433204815359,6.693200667699178,0.07507429133305331,1e-05,100,rbf,"{'C': 1e-05, 'gamma': 100, 'kernel': 'rbf'}",0.666880341880342,0.6678078527869904,0.6678082191780822,0.6674987715650887,0.00043733088206176986,189
23,20.399081627527874,0.5510514740776293,6.383514483769734,0.05881768976945816,1e-05,100,sigmoid,"{'C': 1e-05, 'gamma': 100, 'kernel': 'sigmoid'}",0.7784205569756492,0.782233022816255,0.7823497563616676,0.781000967996041,0.0018253944685139932,122
24,81.04144382476807,14.97439591474757,0.7545347213745117,0.02227623318389475,1e-05,1000,poly,"{'C': 1e-05, 'gamma': 1000, 'kernel': 'poly'}",0.9271502907866545,0.9254537273136343,0.9294755877034359,0.9273596426111643,0.0016485348203327946,36
25,15.12044103940328,0.4133547376220546,6.6853500207265215,0.17405341662735835,1e-05,1000,rbf,"{'C': 1e-05, 'gamma': 1000, 'kernel': 'rbf'}",0.666880341880342,0.6678078527869904,0.667022982362373,0.6672370818764525,0.0004078071677742585,194
26,19.8057963848114,1.1303276477105608,6.253452857335408,0.09114582604878287,1e-05,1000,sigmoid,"{'C': 1e-05, 'gamma': 1000, 'kernel': 'sigmoid'}",0.7784205569756492,0.782233022816255,0.7822438760319393,0.7809656820925213,0.0017998248585674992,124
27,86.70888272921245,13.644272771613888,0.7768624623616537,0.015588158937407521,1e-05,10000,poly,"{'C': 1e-05, 'gamma': 10000, 'kernel': 'poly'}",0.9271502907866545,0.9255925592559255,0.9294755877034359,0.9274059248683627,0.0015954718230610163,21
28,14.644057432810465,0.009542528953107848,6.559616327285767,0.04354745188909398,1e-05,10000,rbf,"{'C': 1e-05, 'gamma': 10000, 'kernel': 'rbf'}",0.666880341880342,0.6670941541092231,0.667022982362373,0.6669991569060069,8.890347180780867e-05,199
29,20.694341897964478,1.5638907105836757,6.158918301264445,0.08649272040916182,1e-05,10000,sigmoid,"{'C': 1e-05, 'gamma': 10000, 'kernel': 'sigmoid'}",0.7784205569756492,0.7821274298056156,0.7822438760319393,0.7809304806626766,0.0017755627261966762,126
30,17.619868914286297,0.5046462236905339,5.503805637359619,0.10741838837296608,0.0001,1e-05,poly,"{'C': 0.0001, 'gamma': 1e-05, 'kernel': 'poly'}",0.6670941541092231,0.6666666666666666,0.6666666666666666,0.6668091777015116,0.00020152489367166243,207
31,20.179147561391193,0.8228542466084889,6.58071764310201,0.10620500152326104,0.0001,1e-05,rbf,"{'C': 0.0001, 'gamma': 1e-05, 'kernel': 'rbf'}",0.6819578577699736,0.6675935828877005,0.6674510642849503,0.6723346899019061,0.006805401097555776,175
32,22.222283124923706,0.8818525404916362,7.727918942769368,0.06409437664171524,0.0001,1e-05,sigmoid,"{'C': 0.0001, 'gamma': 1e-05, 'kernel': 'sigmoid'}",0.6820974111452391,0.6675221901400921,0.6673796791443851,0.67233362257445,0.006904839307862415,180
33,17.18681804339091,0.3048048591376035,5.565059264500936,0.11564463548831275,0.0001,0.0001,poly,"{'C': 0.0001, 'gamma': 0.0001, 'kernel': 'poly'}",0.6670941541092231,0.6666666666666666,0.6666666666666666,0.6668091777015116,0.00020152489367166243,207
34,20.797412077585857,0.08905225032734819,6.5493323802948,0.11194003202509203,0.0001,0.0001,rbf,"{'C': 0.0001, 'gamma': 0.0001, 'kernel': 'rbf'}",0.6831628725393161,0.6691680960548886,0.6693141569174627,0.6738821963859214,0.006563225638659082,168
35,22.10650372505188,0.9356707356417052,7.858527660369873,0.15241354969809737,0.0001,0.0001,sigmoid,"{'C': 0.0001, 'gamma': 0.0001, 'kernel': 'sigmoid'}",0.6820974111452391,0.6675221901400921,0.6673796791443851,0.67233362257445,0.006904839307862415,180
36,17.274913152058918,0.7885487289525256,5.507939497629802,0.10608698591899239,0.0001,0.001,poly,"{'C': 0.0001, 'gamma': 0.001, 'kernel': 'poly'}",0.6670941541092231,0.6666666666666666,0.6666666666666666,0.6668091777015116,0.00020152489367166243,207
37,19.95069408416748,0.45053296957821515,6.59374984105428,0.05547544548226243,0.0001,0.001,rbf,"{'C': 0.0001, 'gamma': 0.001, 'kernel': 'rbf'}",0.7001921121030625,0.6997288748305468,0.7030948872009977,0.7010050681784776,0.0014895437953327617,153
38,22.08186173439026,0.07765052396315457,7.861360232035319,0.09042695507526424,0.0001,0.001,sigmoid,"{'C': 0.0001, 'gamma': 0.001, 'kernel': 'sigmoid'}",0.6821722435545804,0.6675935828877005,0.6673796791443851,0.6723823694997694,0.006923591610324885,172
39,17.231201966603596,0.8690173804336148,5.595078627268474,0.07906722612537806,0.0001,0.01,poly,"{'C': 0.0001, 'gamma': 0.01, 'kernel': 'poly'}",0.6670941541092231,0.6666666666666666,0.6666666666666666,0.6668091777015116,0.00020152489367166243,207
40,20.49217947324117,0.3727709365854923,6.667973756790161,0.15526539820047208,0.0001,0.01,rbf,"{'C': 0.0001, 'gamma': 0.01, 'kernel': 'rbf'}",0.7851832182687202,0.7897041263102029,0.7874601487778959,0.7874491632789847,0.0018457678886551988,118
41,22.0615553855896,0.23740497829060433,7.928188403447469,0.09933348759708623,0.0001,0.01,sigmoid,"{'C': 0.0001, 'gamma': 0.01, 'kernel': 'sigmoid'}",0.6876384581302614,0.672923408845739,0.6729294892560198,0.6778309755726211,0.006935493439878376,162
42,15.3516894976298,0.37928283043406447,5.1346650918324785,0.10185573907494287,0.0001,0.1,poly,"{'C': 0.0001, 'gamma': 0.1, 'kernel': 'poly'}",0.748833783452001,0.7578163771712159,0.7605950743842981,0.7557478939739446,0.005019271162560811,134
43,21.1479233900706,0.3276347200390457,6.621961355209351,0.11931826501702857,0.0001,0.1,rbf,"{'C': 0.0001, 'gamma': 0.1, 'kernel': 'rbf'}",0.4495322501230921,0.5334883720930232,0.5243987858977351,0.5024707940544146,0.03761965709138174,278
44,26.366180817286175,0.42783841446066845,9.545358816782633,0.31886592370959516,0.0001,0.1,sigmoid,"{'C': 0.0001, 'gamma': 0.1, 'kernel': 'sigmoid'}",0.7706830995148815,0.7751371115173674,0.7746331236897275,0.7734843222114502,0.0019915784303084594,132
45,10.259579420089722,0.4196067790707019,1.9770487944285076,0.049978257265262074,0.0001,1,poly,"{'C': 0.0001, 'gamma': 1, 'kernel': 'poly'}",0.9073201382343701,0.9148903065193714,0.9108569638101206,0.9110224871997442,0.003092887992034095,71
46,16.71391773223877,0.02808360125551014,6.656164328257243,0.2671601062931138,0.0001,1,rbf,"{'C': 0.0001, 'gamma': 1, 'kernel': 'rbf'}",0.14226190476190478,0.19803695150115475,0.22171558848674836,0.18733447623111127,0.03330724278376202,292
47,27.485966602961224,0.6554418938653411,9.63971479733785,0.20025167740751745,0.0001,1,sigmoid,"{'C': 0.0001, 'gamma': 1, 'kernel': 'sigmoid'}",0.7773747144968426,0.7816122944189808,0.7820911673204383,0.7803592070995571,0.0021195587948575696,130
48,74.1252904733022,9.34180237935471,0.7696108023325602,0.030280204877764765,0.0001,10,poly,"{'C': 0.0001, 'gamma': 10, 'kernel': 'poly'}",0.9271056661562023,0.9257759784075573,0.9290769462430357,0.9273193425509254,0.0013560236708644612,66
49,17.480685154596966,0.49183710114919765,7.748616854349772,0.13521916498318726,0.0001,10,rbf,"{'C': 0.0001, 'gamma': 10, 'kernel': 'rbf'}",0.6679507758159443,0.6178033658104517,0.37542306690965893,0.5537447815396408,0.12772389965405342,273
50,22.443639039993286,0.34371219204345044,7.369896014531453,0.06017226592169749,0.0001,10,sigmoid,"{'C': 0.0001, 'gamma': 10, 'kernel': 'sigmoid'}",0.778046811945117,0.7818574514038876,0.7821380243572396,0.7806806069116461,0.0018660421241720752,128
51,79.4339329401652,7.567336455099238,0.7863675753275553,0.026766540737888547,0.0001,100,poly,"{'C': 0.0001, 'gamma': 100, 'kernel': 'poly'}",0.9271502907866545,0.9254537273136343,0.9294755877034359,0.9273596426111643,0.0016485348203327946,36
52,15.0718514919281,0.16148231974479305,6.658130486806233,0.08763313686374449,0.0001,100,rbf,"{'C': 0.0001, 'gamma': 100, 'kernel': 'rbf'}",0.666880341880342,0.6678078527869904,0.6678082191780822,0.6674987715650887,0.00043733088206176986,189
53,21.510094324747723,0.6444073860889916,6.381585677464803,0.16908204418110817,0.0001,100,sigmoid,"{'C': 0.0001, 'gamma': 100, 'kernel': 'sigmoid'}",0.7784205569756492,0.782233022816255,0.7823497563616676,0.781000967996041,0.0018253944685139932,122
54,79.86393038431804,9.874367616905417,0.7659998734792074,0.010061974478397885,0.0001,1000,poly,"{'C': 0.0001, 'gamma': 1000, 'kernel': 'poly'}",0.9271502907866545,0.9254537273136343,0.9294755877034359,0.9273596426111643,0.0016485348203327946,36
55,14.895604928334555,0.12862362573019495,6.677838325500488,0.1031976490833657,0.0001,1000,rbf,"{'C': 0.0001, 'gamma': 1000, 'kernel': 'rbf'}",0.666880341880342,0.6678078527869904,0.667022982362373,0.6672370818764525,0.0004078071677742585,194
56,20.55146312713623,1.1227925119364182,6.134140809377034,0.03710339935202906,0.0001,1000,sigmoid,"{'C': 0.0001, 'gamma': 1000, 'kernel': 'sigmoid'}",0.7784205569756492,0.782233022816255,0.7822438760319393,0.7809656820925213,0.0017998248585674992,124
57,86.24524124463399,5.7827222457950915,0.7733469804128011,0.008925343570948003,0.0001,10000,poly,"{'C': 0.0001, 'gamma': 10000, 'kernel': 'poly'}",0.9271502907866545,0.9255925592559255,0.9294755877034359,0.9274059248683627,0.0015954718230610163,21
58,14.768895467122396,0.07212915154647574,6.590732018152873,0.04376143991968168,0.0001,10000,rbf,"{'C': 0.0001, 'gamma': 10000, 'kernel': 'rbf'}",0.666880341880342,0.6670941541092231,0.667022982362373,0.6669991569060069,8.890347180780867e-05,199
59,21.721977551778156,1.1639854658745878,6.194983164469401,0.005240305481201482,0.0001,10000,sigmoid,"{'C': 0.0001, 'gamma': 10000, 'kernel': 'sigmoid'}",0.7784205569756492,0.7821274298056156,0.7822438760319393,0.7809304806626766,0.0017755627261966762,126
60,17.796813646952312,0.5685904991729634,5.580012798309326,0.09884525346133662,0.001,1e-05,poly,"{'C': 0.001, 'gamma': 1e-05, 'kernel': 'poly'}",0.6670941541092231,0.6666666666666666,0.6666666666666666,0.6668091777015116,0.00020152489367166243,207
61,20.062841256459553,0.4552166617472338,6.630448579788208,0.05637824926390579,0.001,1e-05,rbf,"{'C': 0.001, 'gamma': 1e-05, 'kernel': 'rbf'}",0.6819578577699736,0.6675935828877005,0.6674510642849503,0.6723346899019061,0.006805401097555776,175
62,22.020735661188763,0.17154681053977885,7.875633716583252,0.12871671792225278,0.001,1e-05,sigmoid,"{'C': 0.001, 'gamma': 1e-05, 'kernel': 'sigmoid'}",0.6820974111452391,0.6675221901400921,0.6673796791443851,0.67233362257445,0.006904839307862415,180
63,17.260559876759846,0.7335533637647641,5.645784457524617,0.1217316335374423,0.001,0.0001,poly,"{'C': 0.001, 'gamma': 0.0001, 'kernel': 'poly'}",0.6670941541092231,0.6666666666666666,0.6666666666666666,0.6668091777015116,0.00020152489367166243,207
64,20.145736694335938,0.4359175485506334,6.668545564015706,0.13931347334264438,0.001,0.0001,rbf,"{'C': 0.001, 'gamma': 0.0001, 'kernel': 'rbf'}",0.6831628725393161,0.6691680960548886,0.6693141569174627,0.6738821963859214,0.006563225638659082,168
65,22.09836459159851,0.9722223284458842,7.86825966835022,0.1919676684301344,0.001,0.0001,sigmoid,"{'C': 0.001, 'gamma': 0.0001, 'kernel': 'sigmoid'}",0.6820974111452391,0.6675221901400921,0.6673796791443851,0.67233362257445,0.006904839307862415,180
66,17.062976360321045,0.7484955984248467,5.572766304016113,0.09389930099445609,0.001,0.001,poly,"{'C': 0.001, 'gamma': 0.001, 'kernel': 'poly'}",0.6670941541092231,0.6666666666666666,0.6666666666666666,0.6668091777015116,0.00020152489367166243,207
67,20.63263193766276,0.458524236947247,6.5975650151570635,0.15443771850377114,0.001,0.001,rbf,"{'C': 0.001, 'gamma': 0.001, 'kernel': 'rbf'}",0.7001921121030625,0.6997288748305468,0.7030948872009977,0.7010050681784776,0.0014895437953327617,153
68,22.231761693954468,0.8423402601280867,7.839241027832031,0.1726260089255777,0.001,0.001,sigmoid,"{'C': 0.001, 'gamma': 0.001, 'kernel': 'sigmoid'}",0.6821722435545804,0.6675935828877005,0.6673796791443851,0.6723823694997694,0.006923591610324885,172
69,17.15578842163086,0.6757011668116544,5.526928901672363,0.0635468751680872,0.001,0.01,poly,"{'C': 0.001, 'gamma': 0.01, 'kernel': 'poly'}",0.6670941541092231,0.6668091015917104,0.6668804103879449,0.666927893767678,0.00012112353457178309,204
70,20.796314080556233,0.9068559158892686,6.728441794713338,0.12285944823052419,0.001,0.01,rbf,"{'C': 0.001, 'gamma': 0.01, 'kernel': 'rbf'}",0.7851832182687202,0.7897041263102029,0.7874601487778959,0.7874491632789847,0.0018457678886551988,118
71,22.852778911590576,0.763554208040372,8.032969077428183,0.23096316126332245,0.001,0.01,sigmoid,"{'C': 0.001, 'gamma': 0.01, 'kernel': 'sigmoid'}",0.7268419805733237,0.7250648431973591,0.721830985915493,0.7245795634527494,0.0020742600385778524,147
72,12.982978264490763,0.697447883195705,4.162829081217448,0.09947137469671904,0.001,0.1,poly,"{'C': 0.001, 'gamma': 0.1, 'kernel': 'poly'}",0.8072226999140156,0.8043478260869564,0.7963418923672178,0.8026381452504544,0.004603550759650884,104
73,21.40818214416504,0.42136709777859965,6.540148576100667,0.13460516488844118,0.001,0.1,rbf,"{'C': 0.001, 'gamma': 0.1, 'kernel': 'rbf'}",0.4495322501230921,0.5334883720930232,0.5243987858977351,0.5024707940544146,0.03761965709138174,278
74,22.823755979537964,0.598443566503856,7.411964178085327,0.1416965341434896,0.001,0.1,sigmoid,"{'C': 0.001, 'gamma': 0.1, 'kernel': 'sigmoid'}",0.7878336066795885,0.7941960319810484,0.7901161059839237,0.7907153122121011,0.0026319061157100915,115
75,17.661179145177204,0.46943500594107035,1.2727831999460857,0.054086243561886294,0.001,1,poly,"{'C': 0.001, 'gamma': 1, 'kernel': 'poly'}",0.9289684990735021,0.9314693815529554,0.9277274819702317,0.9293886316152848,0.0015562071002423624,18
76,16.71109898885091,0.6266557996335067,6.675000270207723,0.10966648202907633,0.001,1,rbf,"{'C': 0.001, 'gamma': 1, 'kernel': 'rbf'}",0.14226190476190478,0.19803695150115475,0.22171558848674836,0.18733447623111127,0.03330724278376202,292
77,19.06106424331665,1.7029217914296637,6.401577154795329,0.09388858175185331,0.001,1,sigmoid,"{'C': 0.001, 'gamma': 1, 'kernel': 'sigmoid'}",0.737338403041825,0.7461468721668179,0.7442984443437547,0.7425943911855041,0.003792668723389566,137
78,86.91062704722087,14.255808626389278,0.7890814940134684,0.03487174835850581,0.001,10,poly,"{'C': 0.001, 'gamma': 10, 'kernel': 'poly'}",0.9271502907866545,0.9254537273136343,0.9294755877034359,0.9273596426111643,0.0016485348203327946,36
79,17.668537457784016,0.22882928656180418,9.30698013305664,2.2083983598124446,0.001,10,rbf,"{'C': 0.001, 'gamma': 10, 'kernel': 'rbf'}",0.6679507758159443,0.6178033658104517,0.37542306690965893,0.5537447815396408,0.12772389965405342,273
80,15.440524737040201,2.4361734053406043,4.9275650183359785,0.08723006294454358,0.001,10,sigmoid,"{'C': 0.001, 'gamma': 10, 'kernel': 'sigmoid'}",0.7313137463845334,0.7417158420335905,0.7410660205935796,0.7380315455783949,0.004757983053817396,142
81,78.48440877596538,7.771187749541811,0.7657221158345541,0.009328000602706658,0.001,100,poly,"{'C': 0.001, 'gamma': 100, 'kernel': 'poly'}",0.9271502907866545,0.9254537273136343,0.9294755877034359,0.9273596426111643,0.0016485348203327946,36
82,15.099646806716919,0.2990507383450742,6.820990403493245,0.1602695356127789,0.001,100,rbf,"{'C': 0.001, 'gamma': 100, 'kernel': 'rbf'}",0.666880341880342,0.6678078527869904,0.6678082191780822,0.6674987715650887,0.00043733088206176986,189
83,13.436853806177774,0.6828660378792267,4.262136538823445,0.11253587269721245,0.001,100,sigmoid,"{'C': 0.001, 'gamma': 100, 'kernel': 'sigmoid'}",0.7314772554389167,0.7422867513611616,0.7408305547135496,0.7381979059954411,0.00478963357285986,140
84,81.25920208295186,16.817611849211637,0.7558860778808594,0.021725021995889476,0.001,1000,poly,"{'C': 0.001, 'gamma': 1000, 'kernel': 'poly'}",0.9271502907866545,0.9254537273136343,0.9294755877034359,0.9273596426111643,0.0016485348203327946,36
85,15.562148094177246,0.10515408996573819,6.929013172785441,0.10344160828734997,0.001,1000,rbf,"{'C': 0.001, 'gamma': 1000, 'kernel': 'rbf'}",0.666880341880342,0.6678078527869904,0.667022982362373,0.6672370818764525,0.0004078071677742585,194
86,12.345852454503378,0.7489221529186388,4.110615650812785,0.04763353243900798,0.001,1000,sigmoid,"{'C': 0.001, 'gamma': 1000, 'kernel': 'sigmoid'}",0.731254752851711,0.7419062027231468,0.7404938645659748,0.7378846613752373,0.004723748206916162,143
87,85.94993456204732,6.04053456912411,0.769715944925944,0.015476673578329233,0.001,10000,poly,"{'C': 0.001, 'gamma': 10000, 'kernel': 'poly'}",0.9271502907866545,0.9255925592559255,0.9294755877034359,0.9274059248683627,0.0015954718230610163,21
88,14.819278240203857,0.010733368394869878,6.5819926261901855,0.009903850910722664,0.001,10000,rbf,"{'C': 0.001, 'gamma': 10000, 'kernel': 'rbf'}",0.666880341880342,0.6670941541092231,0.667022982362373,0.6669991569060069,8.890347180780867e-05,199
89,12.63959002494812,1.0158663665252285,4.100607077280681,0.010089665356831746,0.001,10000,sigmoid,"{'C': 0.001, 'gamma': 10000, 'kernel': 'sigmoid'}",0.7316998934713135,0.7413349477826547,0.7412121212121212,0.7380819865130797,0.004513461337471734,141
90,17.813286701838177,0.848585188397136,5.663053750991821,0.06770875711073696,0.01,1e-05,poly,"{'C': 0.01, 'gamma': 1e-05, 'kernel': 'poly'}",0.6670941541092231,0.6666666666666666,0.6666666666666666,0.6668091777015116,0.00020152489367166243,207
91,19.93082896868388,0.2398894919403924,6.592906951904297,0.03395118502597367,0.01,1e-05,rbf,"{'C': 0.01, 'gamma': 1e-05, 'kernel': 'rbf'}",0.6819578577699736,0.6675935828877005,0.6674510642849503,0.6723346899019061,0.006805401097555776,175
92,22.09660792350769,0.05861202273845721,7.9378401438395185,0.08781154759586116,0.01,1e-05,sigmoid,"{'C': 0.01, 'gamma': 1e-05, 'kernel': 'sigmoid'}",0.6820974111452391,0.6675221901400921,0.6673796791443851,0.67233362257445,0.006904839307862415,180
93,17.33705218633016,0.9309865865761775,5.626503229141235,0.1089965170709752,0.01,0.0001,poly,"{'C': 0.01, 'gamma': 0.0001, 'kernel': 'poly'}",0.6670941541092231,0.6666666666666666,0.6666666666666666,0.6668091777015116,0.00020152489367166243,207
94,20.061461528142292,0.6166921530252121,6.624552567799886,0.010133685370351413,0.01,0.0001,rbf,"{'C': 0.01, 'gamma': 0.0001, 'kernel': 'rbf'}",0.6831628725393161,0.6691680960548886,0.6693141569174627,0.6738821963859214,0.006563225638659082,168
95,22.01435438791911,0.6013067140795173,7.963936408360799,0.14318028591286744,0.01,0.0001,sigmoid,"{'C': 0.01, 'gamma': 0.0001, 'kernel': 'sigmoid'}",0.6820974111452391,0.6675221901400921,0.6673796791443851,0.67233362257445,0.006904839307862415,180
96,17.363392114639282,0.9125739162805345,5.648417631785075,0.11503964037530752,0.01,0.001,poly,"{'C': 0.01, 'gamma': 0.001, 'kernel': 'poly'}",0.6670941541092231,0.6666666666666666,0.6666666666666666,0.6668091777015116,0.00020152489367166243,207
97,19.93114988009135,0.366217348339233,6.434058427810669,0.12149811547270975,0.01,0.001,rbf,"{'C': 0.01, 'gamma': 0.001, 'kernel': 'rbf'}",0.7844408427876822,0.7896949152542373,0.7874251497005987,0.7871869438063127,0.0021516814253655417,121
98,22.515572945276897,0.62843335699699,7.93084438641866,0.154262527951844,0.01,0.001,sigmoid,"{'C': 0.01, 'gamma': 0.001, 'kernel': 'sigmoid'}",0.7244633168200046,0.7270362927059937,0.7268206039076377,0.7261066615597598,0.001165444344563172,146
99,17.107097228368122,0.5609000233594066,5.628808339436849,0.03255792829119785,0.01,0.01,poly,"{'C': 0.01, 'gamma': 0.01, 'kernel': 'poly'}",0.675546891921161,0.6752488100389442,0.6746675316250406,0.6751544632009843,0.0003651350134453653,164
100,13.572319825490316,0.46302795970360905,4.451064666112264,0.07223379497993247,0.01,0.01,rbf,"{'C': 0.01, 'gamma': 0.01, 'kernel': 'rbf'}",0.8407723963279519,0.839987523393637,0.8380237648530331,0.83959472930918,0.0011559633098599832,89
101,17.975003957748413,0.23310893425559184,6.058354616165161,0.155399611426029,0.01,0.01,sigmoid,"{'C': 0.01, 'gamma': 0.01, 'kernel': 'sigmoid'}",0.7988356059445381,0.8026235509456986,0.7977304094464038,0.7997300690159377,0.0020953174594817822,111
102,10.354693094889322,0.5718437622436965,3.0755561987559,0.08258564320878732,0.01,0.1,poly,"{'C': 0.01, 'gamma': 0.1, 'kernel': 'poly'}",0.8623308022449653,0.8643315244203255,0.8596985257578268,0.8621205428206358,0.0018971987249084357,79
103,16.022777160008747,0.36429599815502367,5.139325539271037,0.10406489747227418,0.01,0.1,rbf,"{'C': 0.01, 'gamma': 0.1, 'kernel': 'rbf'}",0.7737445928154975,0.8029170464904285,0.7969151670951157,0.7911916575102067,0.012578865566239014,114
104,16.01506694157918,0.5667397538033299,4.836358308792114,0.10597734419144444,0.01,0.1,sigmoid,"{'C': 0.01, 'gamma': 0.1, 'kernel': 'sigmoid'}",0.6885553470919324,0.6974438419829591,0.6964451313755797,0.6941478614606437,0.003975781992432258,157
105,52.215206146240234,5.220685193412619,0.8838636875152588,0.013990344863772724,0.01,1,poly,"{'C': 0.01, 'gamma': 1, 'kernel': 'poly'}",0.9296290642649976,0.9333735302984625,0.9359769940971697,0.9329928775064866,0.002605405256346808,14
106,15.83698590596517,0.32968236934926176,6.440786997477214,0.062091639162815876,0.01,1,rbf,"{'C': 0.01, 'gamma': 1, 'kernel': 'rbf'}",0.14226190476190478,0.19803695150115475,0.22171558848674836,0.18733447623111127,0.03330724278376202,292
107,14.092342853546143,3.459741464925274,4.261478741963704,0.041138507111172604,0.01,1,sigmoid,"{'C': 0.01, 'gamma': 1, 'kernel': 'sigmoid'}",0.620392532312111,0.62016,0.6099631587377863,0.6168392980781876,0.00486231264460605,238
108,79.58561809857686,13.139751100780456,0.7778632640838623,0.021347305471572407,0.01,10,poly,"{'C': 0.01, 'gamma': 10, 'kernel': 'poly'}",0.9271502907866545,0.9254537273136343,0.9294755877034359,0.9273596426111643,0.0016485348203327946,36
109,17.642226139704388,0.21698053066935688,7.772703806559245,0.010059403455998085,0.01,10,rbf,"{'C': 0.01, 'gamma': 10, 'kernel': 'rbf'}",0.6679507758159443,0.6178033658104517,0.37542306690965893,0.5537447815396408,0.12772389965405342,273
110,11.66129986445109,4.339515311640374,3.1715328693389893,0.04414553377575154,0.01,10,sigmoid,"{'C': 0.01, 'gamma': 10, 'kernel': 'sigmoid'}",0.6175673521441097,0.6157296171712318,0.6075502008032128,0.6136163712603294,0.004353878172663231,241
111,79.61984332402547,10.280997580310949,0.7812511126200358,0.015735850325748212,0.01,100,poly,"{'C': 0.01, 'gamma': 100, 'kernel': 'poly'}",0.9271502907866545,0.9254537273136343,0.9294755877034359,0.9273596426111643,0.0016485348203327946,36
112,14.889865318934122,0.25139432210677504,6.6213648319244385,0.08150365601665345,0.01,100,rbf,"{'C': 0.01, 'gamma': 100, 'kernel': 'rbf'}",0.666880341880342,0.6678078527869904,0.6678082191780822,0.6674987715650887,0.00043733088206176986,189
113,7.774538675944011,0.24767992688862778,2.740044355392456,0.04526587360346315,0.01,100,sigmoid,"{'C': 0.01, 'gamma': 100, 'kernel': 'sigmoid'}",0.6181296797833361,0.6154092583693738,0.6076193538016397,0.6137200822298359,0.0044538816275186,240
114,79.45134250322978,9.438592840753612,0.7679777145385742,0.013421289248617784,0.01,1000,poly,"{'C': 0.01, 'gamma': 1000, 'kernel': 'poly'}",0.9271502907866545,0.9254537273136343,0.9294755877034359,0.9273596426111643,0.0016485348203327946,36
115,14.747071981430054,0.050787567666895524,6.552602291107178,0.04452509051093814,0.01,1000,rbf,"{'C': 0.01, 'gamma': 1000, 'kernel': 'rbf'}",0.666880341880342,0.6678078527869904,0.667022982362373,0.6672370818764525,0.0004078071677742585,194
116,7.796147743860881,0.3213269169648867,2.6727006435394287,0.08603036606251642,0.01,1000,sigmoid,"{'C': 0.01, 'gamma': 1000, 'kernel': 'sigmoid'}",0.6180312201338005,0.6156555146470305,0.6068788171006108,0.613522560201333,0.004796181094158436,242
117,86.01406876246135,5.762477521756314,0.7668830553690592,0.022152583975881265,0.01,10000,poly,"{'C': 0.01, 'gamma': 10000, 'kernel': 'poly'}",0.9271502907866545,0.9255925592559255,0.9294755877034359,0.9274059248683627,0.0015954718230610163,21
118,14.760949293772379,0.1054410318626185,6.52243439356486,0.010112099554171841,0.01,10000,rbf,"{'C': 0.01, 'gamma': 10000, 'kernel': 'rbf'}",0.666880341880342,0.6670941541092231,0.667022982362373,0.6669991569060069,8.890347180780867e-05,199
119,7.587976137797038,0.485514723031618,2.6253578662872314,0.08065875123847457,0.01,10000,sigmoid,"{'C': 0.01, 'gamma': 10000, 'kernel': 'sigmoid'}",0.6183266932270917,0.616370334774948,0.6076478149100257,0.6141156384227351,0.0046419421094149324,239
120,17.58666483561198,0.3947019262392239,5.662496248881022,0.11174013593419566,0.1,1e-05,poly,"{'C': 0.1, 'gamma': 1e-05, 'kernel': 'poly'}",0.6670941541092231,0.6666666666666666,0.6666666666666666,0.6668091777015116,0.00020152489367166243,207
121,20.067622741063435,0.12980899751433514,6.762073516845703,0.1116396372572429,0.1,1e-05,rbf,"{'C': 0.1, 'gamma': 1e-05, 'kernel': 'rbf'}",0.6819578577699736,0.6675935828877005,0.6674510642849503,0.6723346899019061,0.006805401097555776,175
122,21.860440095265705,0.45913963785983775,7.8631523450215655,0.040295502998824985,0.1,1e-05,sigmoid,"{'C': 0.1, 'gamma': 1e-05, 'kernel': 'sigmoid'}",0.6820974111452391,0.6675221901400921,0.6673796791443851,0.67233362257445,0.006904839307862415,180
123,17.626901229222614,0.42965925244791253,5.642179568608602,0.13104642523158266,0.1,0.0001,poly,"{'C': 0.1, 'gamma': 0.0001, 'kernel': 'poly'}",0.6670941541092231,0.6666666666666666,0.6666666666666666,0.6668091777015116,0.00020152489367166243,207
124,19.944842259089153,0.5009398703570804,6.3275101979573565,0.0684935729522232,0.1,0.0001,rbf,"{'C': 0.1, 'gamma': 0.0001, 'kernel': 'rbf'}",0.7870914809243813,0.7907747548681121,0.7907041084520681,0.7895233219695391,0.0017199508713006285,117
125,22.68697428703308,0.87581161277761,7.973580360412598,0.16936664299335297,0.1,0.0001,sigmoid,"{'C': 0.1, 'gamma': 0.0001, 'kernel': 'sigmoid'}",0.7244633168200046,0.7270362927059937,0.7269066792989105,0.7261353472274344,0.0011835821089699284,144
126,16.914746205012005,0.4299745442076094,5.497314055760701,0.04551734080935545,0.1,0.001,poly,"{'C': 0.1, 'gamma': 0.001, 'kernel': 'poly'}",0.6670941541092231,0.6666666666666666,0.6666666666666666,0.6668091777015116,0.00020152489367166243,207
127,13.543788830439249,0.3956680108037494,4.479073206583659,0.168691350388818,0.1,0.001,rbf,"{'C': 0.1, 'gamma': 0.001, 'kernel': 'rbf'}",0.8169628936700967,0.8191178730597817,0.8167441860465117,0.8176084098941537,0.0010711646979659796,91
128,17.07246422767639,0.03961809623178395,5.933250665664673,0.1315504859367675,0.1,0.001,sigmoid,"{'C': 0.1, 'gamma': 0.001, 'kernel': 'sigmoid'}",0.8003679852805888,0.8040293040293041,0.7998156398832387,0.8014044794244691,0.001869825909089486,110
129,15.67761460940043,0.9549935360064786,5.180295308430989,0.1511052704122786,0.1,0.01,poly,"{'C': 0.1, 'gamma': 0.01, 'kernel': 'poly'}",0.748833783452001,0.7578163771712159,0.7604049493813273,0.7556845325117284,0.004958514500307553,136
130,8.690582195917765,0.3022318420793282,2.9731388092041016,0.013003538823877002,0.1,0.01,rbf,"{'C': 0.1, 'gamma': 0.01, 'kernel': 'rbf'}",0.8557645923781959,0.8648221343873517,0.8586784698071451,0.8597551805205689,0.0037754609818736657,85
131,14.073495388031006,0.6305525321697216,4.543187220891316,0.04423014929418675,0.1,0.01,sigmoid,"{'C': 0.1, 'gamma': 0.01, 'kernel': 'sigmoid'}",0.791843137254902,0.7947679850513857,0.795688847235239,0.7940998201337183,0.0016395244574405456,113
132,10.560342709223429,0.32623880794445753,2.0571093559265137,0.007499488532010116,0.1,0.1,poly,"{'C': 0.1, 'gamma': 0.1, 'kernel': 'poly'}",0.9073201382343701,0.9148903065193714,0.9108569638101206,0.9110224871997442,0.003092887992034095,71
133,10.443392197291056,0.6076810216741438,3.352900425593058,0.11565843376948699,0.1,0.1,rbf,"{'C': 0.1, 'gamma': 0.1, 'kernel': 'rbf'}",0.8932659932659932,0.9118421052631579,0.9103493737640079,0.9051519356604555,0.008427365327423999,74
134,12.48667041460673,0.8464918116070027,3.7833959261576333,0.05227173963575431,0.1,0.1,sigmoid,"{'C': 0.1, 'gamma': 0.1, 'kernel': 'sigmoid'}",0.6314942898504101,0.6451816745655609,0.6347743165924984,0.6371503474376031,0.005835175698377436,232
135,83.98509009679158,12.355458520882067,0.7774612108866373,0.01610663480838699,0.1,1,poly,"{'C': 0.1, 'gamma': 1, 'kernel': 'poly'}",0.9271056661562023,0.9257759784075573,0.9290769462430357,0.9273193425509254,0.0013560236708644612,66
136,15.206927140553793,0.11277025945384815,6.283997138341268,0.017942333892330166,0.1,1,rbf,"{'C': 0.1, 'gamma': 1, 'kernel': 'rbf'}",0.1662749706227967,0.20322394933793897,0.2417582417582418,0.2037483276525497,0.03081732419833384,286
137,12.808148066202799,3.4352537479548793,3.780489524205526,0.03733527846926264,0.1,1,sigmoid,"{'C': 0.1, 'gamma': 1, 'kernel': 'sigmoid'}",0.6084732214228616,0.6084588272989426,0.5984933482929956,0.6051425091577545,0.004700917118785397,243
138,79.3559471766154,10.78756526844285,0.7713914712270101,0.008505971133453546,0.1,10,poly,"{'C': 0.1, 'gamma': 10, 'kernel': 'poly'}",0.9271502907866545,0.9254537273136343,0.9294755877034359,0.9273596426111643,0.0016485348203327946,36
139,17.44715412457784,0.3785173391629805,7.654769738515218,0.1478549458599189,0.1,10,rbf,"{'C': 0.1, 'gamma': 10, 'kernel': 'rbf'}",0.6679507758159443,0.6178033658104517,0.37542306690965893,0.5537447815396408,0.12772389965405342,273
140,11.816266695658365,4.94331622697286,2.998598496119181,0.02539284742147569,0.1,10,sigmoid,"{'C': 0.1, 'gamma': 10, 'kernel': 'sigmoid'}",0.6055368859017443,0.6057692307692308,0.5988139124859753,0.603373830066904,0.0032252273361974906,249
141,78.52920214335124,10.007809012169712,0.7580085595448812,0.010938152148499301,0.1,100,poly,"{'C': 0.1, 'gamma': 100, 'kernel': 'poly'}",0.9271502907866545,0.9254537273136343,0.9294755877034359,0.9273596426111643,0.0016485348203327946,36
142,15.492400089899698,0.0938262629572278,6.9111073811848955,0.0897964920662734,0.1,100,rbf,"{'C': 0.1, 'gamma': 100, 'kernel': 'rbf'}",0.666880341880342,0.6678078527869904,0.6678082191780822,0.6674987715650887,0.00043733088206176986,189
143,7.3059390385945635,0.377051313129164,2.5040810108184814,0.04724446323660915,0.1,100,sigmoid,"{'C': 0.1, 'gamma': 100, 'kernel': 'sigmoid'}",0.604517059106199,0.6056134723336007,0.5974317817014445,0.6025213146263749,0.0036260030214426355,254
144,79.10219271977742,8.464708164836072,0.7796377340952555,0.016897595453355944,0.1,1000,poly,"{'C': 0.1, 'gamma': 1000, 'kernel': 'poly'}",0.9271502907866545,0.9254537273136343,0.9294755877034359,0.9273596426111643,0.0016485348203327946,36
145,14.945320924123129,0.16228423672250178,6.602636257807414,0.06269903754030519,0.1,1000,rbf,"{'C': 0.1, 'gamma': 1000, 'kernel': 'rbf'}",0.666880341880342,0.6678078527869904,0.667022982362373,0.6672370818764525,0.0004078071677742585,194
146,7.345352331797282,0.39469228857138133,2.448067585627238,0.0381980043000085,0.1,1000,sigmoid,"{'C': 0.1, 'gamma': 1000, 'kernel': 'sigmoid'}",0.6056338028169015,0.605009633911368,0.5974943784131064,0.6027131624308717,0.003698435897331622,251
147,85.4052046140035,5.131776407424059,0.7683878739674886,0.036219903314199074,0.1,10000,poly,"{'C': 0.1, 'gamma': 10000, 'kernel': 'poly'}",0.9271502907866545,0.9255925592559255,0.9294755877034359,0.9274059248683627,0.0015954718230610163,21
148,14.645272413889566,0.01433374314690543,6.509004672368367,0.011498294287167648,0.1,10000,rbf,"{'C': 0.1, 'gamma': 10000, 'kernel': 'rbf'}",0.666880341880342,0.6670941541092231,0.667022982362373,0.6669991569060069,8.890347180780867e-05,199
149,7.311120510101318,0.5638139688931881,2.4678944746653237,0.054013772562704954,0.1,10000,sigmoid,"{'C': 0.1, 'gamma': 10000, 'kernel': 'sigmoid'}",0.6055075248158822,0.6054869244344617,0.5974610316567572,0.60281906589184,0.003788104660251525,250
150,17.339977741241455,0.9540623792822417,5.6149046421051025,0.12114703065643209,1,1e-05,poly,"{'C': 1, 'gamma': 1e-05, 'kernel': 'poly'}",0.6670941541092231,0.6666666666666666,0.6666666666666666,0.6668091777015116,0.00020152489367166243,207
151,19.454891761144,0.258725951481801,6.335537354151408,0.06096381741896992,1,1e-05,rbf,"{'C': 1, 'gamma': 1e-05, 'kernel': 'rbf'}",0.7877791478284696,0.7914705067848241,0.7908977383099763,0.7900490403306148,0.0016221261168830117,116
152,22.30190372467041,0.40844234464417967,7.952790896097819,0.11363698624597197,1,1e-05,sigmoid,"{'C': 1, 'gamma': 1e-05, 'kernel': 'sigmoid'}",0.7244633168200046,0.7270362927059937,0.7269066792989105,0.7261353472274344,0.0011835821089699284,144
153,17.327307383219402,0.8819651155243646,5.639035065968831,0.17891747345931694,1,0.0001,poly,"{'C': 1, 'gamma': 0.0001, 'kernel': 'poly'}",0.6670941541092231,0.6666666666666666,0.6666666666666666,0.6668091777015116,0.00020152489367166243,207
154,13.791998545328775,0.2650333923552674,4.40424378712972,0.0813225185901387,1,0.0001,rbf,"{'C': 1, 'gamma': 0.0001, 'kernel': 'rbf'}",0.8013741411617737,0.8065462405434615,0.8039185196703468,0.8039463034259262,0.0021117048580112266,103
155,16.99458185831706,0.11685901702227662,5.918301661809285,0.09674185311392584,1,0.0001,sigmoid,"{'C': 1, 'gamma': 0.0001, 'kernel': 'sigmoid'}",0.8006134969325153,0.8042118113840989,0.7998156398832387,0.8015471676662953,0.0019122819421109449,108
156,17.441549857457478,1.3009472056829081,5.71802814801534,0.14944938928184207,1,0.001,poly,"{'C': 1, 'gamma': 0.001, 'kernel': 'poly'}",0.6670941541092231,0.6668091015917104,0.6668804103879449,0.666927893767678,0.00012112353457178309,204
157,10.064493894577026,0.42300942825704163,3.24361252784729,0.07769381214502719,1,0.001,rbf,"{'C': 1, 'gamma': 0.001, 'kernel': 'rbf'}",0.8369426751592357,0.8475638414538619,0.8428841309823678,0.8424635042741364,0.004346489648001341,86
158,12.911410808563232,0.3885503935242124,4.394797007242839,0.07948962977926208,1,0.001,sigmoid,"{'C': 1, 'gamma': 0.001, 'kernel': 'sigmoid'}",0.802521670606777,0.8068252974326863,0.8073480923221855,0.8055648296620791,0.0021625680182959838,101
159,12.918412208557129,0.5836116489381559,4.121292591094971,0.04517054746038619,1,0.01,poly,"{'C': 1, 'gamma': 0.01, 'kernel': 'poly'}",0.8072226999140156,0.8043478260869564,0.7963418923672178,0.8026381452504544,0.004603550759650884,104
160,7.3494095007578535,0.18402239397493209,2.4042065938313804,0.035477655484822575,1,0.01,rbf,"{'C': 1, 'gamma': 0.01, 'kernel': 'rbf'}",0.8827120822622108,0.8966171356307302,0.8890995260663507,0.8894762882259007,0.0056832630680256555,76
161,10.75489608446757,0.27095516095428307,3.480005979537964,0.051674899010321046,1,0.01,sigmoid,"{'C': 1, 'gamma': 0.01, 'kernel': 'sigmoid'}",0.7405675085749922,0.7462268554535553,0.7408214063472308,0.7425387735458723,0.002610135483645414,138
162,17.89704132080078,0.5809235587158785,1.2567893664042156,0.03719337345401673,1,0.1,poly,"{'C': 1, 'gamma': 0.1, 'kernel': 'poly'}",0.9289684990735021,0.9314693815529554,0.9277274819702317,0.9293886316152848,0.0015562071002423624,18
163,7.591230471928914,0.38854202615674627,2.3634344736735025,0.08319767334223609,1,0.1,rbf,"{'C': 1, 'gamma': 0.1, 'kernel': 'rbf'}",0.9756955548448993,0.980441640378549,0.9775883838383839,0.9779085605498976,0.0019508619792196465,5
164,11.79418396949768,0.6521427059861197,3.5649220943450928,0.019911576176142486,1,0.1,sigmoid,"{'C': 1, 'gamma': 0.1, 'kernel': 'sigmoid'}",0.6264516129032258,0.6367684478371501,0.6271565495207668,0.6301258538854418,0.004706206582666793,233
165,85.57809241612752,6.19810695867841,0.7628670533498129,0.010482463711945538,1,1,poly,"{'C': 1, 'gamma': 1, 'kernel': 'poly'}",0.9271502907866545,0.9255925592559255,0.9294755877034359,0.9274059248683627,0.0015954718230610163,21
166,44.19705979029337,1.7210520348778966,5.488082806269328,0.18355895395479602,1,1,rbf,"{'C': 1, 'gamma': 1, 'kernel': 'rbf'}",0.9436452868505669,0.9488043112158976,0.9470131623354708,0.9464875306614082,0.002138807133570876,13
167,13.24551788965861,3.5853676076313894,3.8255770206451416,0.031993510291910596,1,1,sigmoid,"{'C': 1, 'gamma': 1, 'kernel': 'sigmoid'}",0.60947217349705,0.6069540137798429,0.5979480602757294,0.604792146822416,0.00494673869282851,245
168,79.4692219098409,10.785598580309317,0.7683533032735189,0.014314870900087736,1,10,poly,"{'C': 1, 'gamma': 10, 'kernel': 'poly'}",0.9271502907866545,0.9254537273136343,0.9294755877034359,0.9273596426111643,0.0016485348203327946,36
169,59.59187706311544,2.328007040509503,7.58245046933492,0.06043590242618803,1,10,rbf,"{'C': 1, 'gamma': 10, 'kernel': 'rbf'}",0.7364372469635628,0.6781024989411266,0.6771252914988339,0.6972238257257956,0.027733166833270623,156
170,11.602588494618734,4.955440895465554,2.8619083563486734,0.029804126878997875,1,10,sigmoid,"{'C': 1, 'gamma': 10, 'kernel': 'sigmoid'}",0.6048967834853577,0.6049719326383322,0.5978818998716302,0.6025840408696349,0.0033245246518676355,253
171,77.10306874910991,8.895779301901497,0.7603821754455566,0.020882435876909036,1,100,poly,"{'C': 1, 'gamma': 100, 'kernel': 'poly'}",0.9271502907866545,0.9254537273136343,0.9294755877034359,0.9273596426111643,0.0016485348203327946,36
172,46.15824826558431,3.6296217076262853,6.8106428782145185,0.11686850793067655,1,100,rbf,"{'C': 1, 'gamma': 100, 'kernel': 'rbf'}",0.4507321916108216,0.36895740789129866,0.3838383838383838,0.40117784635995246,0.03556569371399966,285
173,7.42162561416626,0.24594347739998773,2.4883975187937417,0.016317325834276943,1,100,sigmoid,"{'C': 1, 'gamma': 100, 'kernel': 'sigmoid'}",0.6047107835282807,0.6044644290990846,0.5962094442659813,0.6017954822388238,0.003950573030791899,267
174,78.54744561513265,8.575331861256982,0.7607036431630453,0.010984934012796082,1,1000,poly,"{'C': 1, 'gamma': 1000, 'kernel': 'poly'}",0.9271502907866545,0.9254537273136343,0.9294755877034359,0.9273596426111643,0.0016485348203327946,36
175,39.131999572118126,0.8076027462678489,6.876269578933716,0.0605111605111285,1,1000,rbf,"{'C': 1, 'gamma': 1000, 'kernel': 'rbf'}",0.22266514806378132,0.173785839672323,0.17597193802981584,0.19080922659446775,0.022545013398978117,291
176,7.501388390858968,0.3244482976708938,2.467498461405436,0.06928349596855746,1,1000,sigmoid,"{'C': 1, 'gamma': 1000, 'kernel': 'sigmoid'}",0.6047032474804032,0.6051364365971108,0.5968519113395439,0.6022311063218647,0.00380716593889055,258
177,85.9134472211202,6.4800061930649315,0.7756746610005697,0.015544568021817376,1,10000,poly,"{'C': 1, 'gamma': 10000, 'kernel': 'poly'}",0.9271502907866545,0.9255925592559255,0.9294755877034359,0.9274059248683627,0.0015954718230610163,21
178,31.15833314259847,1.3425285395679087,6.713641961415608,0.21648330630980842,1,10000,rbf,"{'C': 1, 'gamma': 10000, 'kernel': 'rbf'}",0.08645003065603923,0.06329506670803599,0.06751316196965004,0.07241994383877237,0.010069889161035591,300
179,7.652542034784953,0.39464682225001657,2.4769550959269204,0.04774674534760107,1,10000,sigmoid,"{'C': 1, 'gamma': 10000, 'kernel': 'sigmoid'}",0.6049264235444657,0.6045243061126264,0.5966265060240964,0.6020263219456276,0.003821163088494645,263
180,17.58741005261739,0.6615513001895181,5.661497036616008,0.08477324391603232,10,1e-05,poly,"{'C': 10, 'gamma': 1e-05, 'kernel': 'poly'}",0.6670941541092231,0.6666666666666666,0.6666666666666666,0.6668091777015116,0.00020152489367166243,207
181,14.009559472401937,0.344704112832475,4.4470648765563965,0.01299909329943879,10,1e-05,rbf,"{'C': 10, 'gamma': 1e-05, 'kernel': 'rbf'}",0.8004995316890415,0.8046367851622874,0.8020541549953315,0.8023968605509968,0.001706405727261318,107
182,16.909740289052326,0.24690945983743418,5.881302992502849,0.05656476289137477,10,1e-05,sigmoid,"{'C': 10, 'gamma': 1e-05, 'kernel': 'sigmoid'}",0.8004907222818587,0.8040293040293041,0.7998156398832387,0.8014453961282678,0.0018479114966443166,109
183,17.11382468541463,0.30660332638467996,5.6037171681722,0.14047053180181165,10,0.0001,poly,"{'C': 10, 'gamma': 0.0001, 'kernel': 'poly'}",0.6670941541092231,0.6666666666666666,0.6666666666666666,0.6668091777015116,0.00020152489367166243,207
184,10.830068667729696,0.29619938838096427,3.4791793823242188,0.08181210571871037,10,0.0001,rbf,"{'C': 10, 'gamma': 0.0001, 'kernel': 'rbf'}",0.8113237387316148,0.8198310916484204,0.8210196078431373,0.8173910918699722,0.004317956947387961,92
185,12.77204426129659,0.5505948268683085,4.395724455515544,0.1038654791518252,10,0.0001,sigmoid,"{'C': 10, 'gamma': 0.0001, 'kernel': 'sigmoid'}",0.8029634300126103,0.8067042606516291,0.8071002199183159,0.8055891421393119,0.0018638303726207128,100
186,17.31498622894287,0.94990233961305,5.550308624903361,0.03665555057439164,10,0.001,poly,"{'C': 10, 'gamma': 0.001, 'kernel': 'poly'}",0.675546891921161,0.6752488100389442,0.6746675316250406,0.6751544632009843,0.0003651350134453653,164
187,8.073214530944824,0.2676938105221738,2.708925406138102,0.04316788343598391,10,0.001,rbf,"{'C': 10, 'gamma': 0.001, 'kernel': 'rbf'}",0.8558184143222507,0.8672844353698759,0.8623131392604249,0.8618052754092771,0.0046949833282172795,83
188,12.162221113840738,0.39446338877931714,3.8818376064300537,0.02295517173570226,10,0.001,sigmoid,"{'C': 10, 'gamma': 0.001, 'kernel': 'sigmoid'}",0.8034700315457413,0.8103692065985859,0.8096362777515352,0.8078249785124157,0.003094160140146662,99
189,10.623175859451294,0.17926305353401475,3.1371350288391113,0.13774614936560925,10,0.01,poly,"{'C': 10, 'gamma': 0.01, 'kernel': 'poly'}",0.8623308022449653,0.8643315244203255,0.8596985257578268,0.8621205428206358,0.0018971987249084357,79
190,6.8554948170979815,0.3388852547591337,1.8293709754943848,0.009685667850397763,10,0.01,rbf,"{'C': 10, 'gamma': 0.01, 'kernel': 'rbf'}",0.9116937429628439,0.9263256687001408,0.923221560639298,0.9204133575085222,0.0062950582908295845,70
191,8.664105812708536,0.24221498078150272,2.661611557006836,0.07856809646956293,10,0.01,sigmoid,"{'C': 10, 'gamma': 0.01, 'kernel': 'sigmoid'}",0.6869814932992981,0.6938515450780504,0.6889460154241644,0.6899264559815315,0.00288921903834195,158
192,52.11683209737142,5.8821427878412615,0.8816189765930176,0.03896693019358094,10,0.1,poly,"{'C': 10, 'gamma': 0.1, 'kernel': 'poly'}",0.9296290642649976,0.9333735302984625,0.9359769940971697,0.9329928775064866,0.002605405256346808,14
193,6.965121189753215,0.11712587394928098,1.8978643417358398,0.030012109411322152,10,0.1,rbf,"{'C': 10, 'gamma': 0.1, 'kernel': 'rbf'}",0.9855256879274693,0.9860891558646854,0.9837513803439029,0.985122221122441,0.0009961038267059339,4
194,11.432008743286133,1.01630917773249,3.464153528213501,0.028540454762062274,10,0.1,sigmoid,"{'C': 10, 'gamma': 0.1, 'kernel': 'sigmoid'}",0.6262104583602324,0.6356983773464843,0.6269372104169996,0.6296156347726662,0.004311712681424556,237
195,85.33937168121338,6.141273728680591,0.7607824007670084,0.00922537003263536,10,1,poly,"{'C': 10, 'gamma': 1, 'kernel': 'poly'}",0.9271502907866545,0.9255925592559255,0.9294755877034359,0.9274059248683627,0.0015954718230610163,21
196,47.443494399388634,1.8855866228817815,5.444462378819783,0.03392152707304032,10,1,rbf,"{'C': 10, 'gamma': 1, 'kernel': 'rbf'}",0.9509243697478992,0.9561872909698996,0.9519650655021834,0.9530256886847963,0.0022757775842877424,8
197,13.222508192062378,3.547128810460353,3.831010182698568,0.04626795647544768,10,1,sigmoid,"{'C': 10, 'gamma': 1, 'kernel': 'sigmoid'}",0.6102073365231259,0.6071771867991028,0.5978522199070364,0.6050796863275614,0.005257397797262822,244
198,78.48612014452617,10.597454349473358,0.7572931448618571,0.002013079158822228,10,10,poly,"{'C': 10, 'gamma': 10, 'kernel': 'poly'}",0.9271502907866545,0.9254537273136343,0.9294755877034359,0.9273596426111643,0.0016485348203327946,36
199,72.17026782035828,3.802878252226924,7.527072350184123,0.21231611449138338,10,10,rbf,"{'C': 10, 'gamma': 10, 'kernel': 'rbf'}",0.7600317838696861,0.7039036544850499,0.7024329382407984,0.7221248953659924,0.026813088224731225,148
200,11.877955675125122,4.915221324680425,2.952489693959554,0.06097183312728391,10,10,sigmoid,"{'C': 10, 'gamma': 10, 'kernel': 'sigmoid'}",0.6048374179080569,0.6048076923076923,0.5983645983645984,0.602670362730282,0.0030441715674083144,252
201,78.68075966835022,9.271924971941985,0.7527763843536377,0.000815460297918397,10,100,poly,"{'C': 10, 'gamma': 100, 'kernel': 'poly'}",0.9271502907866545,0.9254537273136343,0.9294755877034359,0.9273596426111643,0.0016485348203327946,36
202,56.40467659632365,3.0816583664464567,6.912733157475789,0.1699687326846713,10,100,rbf,"{'C': 10, 'gamma': 100, 'kernel': 'rbf'}",0.4757020757020757,0.39702105803800714,0.4126176545408293,0.4284486202275353,0.03401710677456389,281
203,7.626245419184367,0.13663029005481836,2.516132434209188,0.06871362098841367,10,100,sigmoid,"{'C': 10, 'gamma': 100, 'kernel': 'sigmoid'}",0.6043234587670137,0.6041065126724414,0.5968519113395439,0.6017611519164618,0.0034719311026977966,270
204,76.92891263961792,10.493560839329916,0.7698547045389811,0.012090939349816181,10,1000,poly,"{'C': 10, 'gamma': 1000, 'kernel': 'poly'}",0.9271502907866545,0.9254537273136343,0.9294755877034359,0.9273596426111643,0.0016485348203327946,36
205,54.56560039520264,1.4192394577494947,6.831388791402181,0.14975102252526315,10,1000,rbf,"{'C': 10, 'gamma': 1000, 'kernel': 'rbf'}",0.23871331828442435,0.18546511627906975,0.18657367044463816,0.2035858519611126,0.024844981526646947,287
206,7.305188179016113,0.25986048511362675,2.402966101964315,0.006024760870921599,10,1000,sigmoid,"{'C': 10, 'gamma': 1000, 'kernel': 'sigmoid'}",0.6049639711769416,0.6041733547351524,0.5962712954034072,0.6018034646261777,0.003924504463355117,266
207,82.74163802464803,7.473573392537909,0.7655632495880127,0.009567618638649243,10,10000,poly,"{'C': 10, 'gamma': 10000, 'kernel': 'poly'}",0.9271502907866545,0.9255925592559255,0.9294755877034359,0.9274059248683627,0.0015954718230610163,21
208,45.44477359453837,2.5132318026017777,7.049569209416707,0.19459631601293617,10,10000,rbf,"{'C': 10, 'gamma': 10000, 'kernel': 'rbf'}",0.09462759462759462,0.06629491945477077,0.07169344870210136,0.07753927861585329,0.012283556490393236,296
209,7.119176546732585,0.09796869498623226,2.4002629121144614,0.004853664480872364,10,10000,sigmoid,"{'C': 10, 'gamma': 10000, 'kernel': 'sigmoid'}",0.6046734955185659,0.6048154093097913,0.5968182548609995,0.6021029509865008,0.0037366949709930234,260
210,16.963658730189007,0.5613738952918136,5.632901589075725,0.12468015539742872,100,1e-05,poly,"{'C': 100, 'gamma': 1e-05, 'kernel': 'poly'}",0.6670941541092231,0.6666666666666666,0.6666666666666666,0.6668091777015116,0.00020152489367166243,207
211,11.16208020846049,0.4256814264791033,3.4095852375030518,0.07595568544592471,100,1e-05,rbf,"{'C': 100, 'gamma': 1e-05, 'kernel': 'rbf'}",0.8036587289071123,0.8118532455315147,0.8112791430371772,0.8089301216085182,0.003735096526496366,97
212,12.787128210067749,0.45967826458210903,4.3687576452891035,0.09942915901642604,100,1e-05,sigmoid,"{'C': 100, 'gamma': 1e-05, 'kernel': 'sigmoid'}",0.8029634300126103,0.8065173116089613,0.8069734568870738,0.8054845738184785,0.001792559205254181,102
213,17.247742017110188,0.9417801439344574,5.6717610359191895,0.1439750280065711,100,0.0001,poly,"{'C': 100, 'gamma': 0.0001, 'kernel': 'poly'}",0.6670941541092231,0.6666666666666666,0.6666666666666666,0.6668091777015116,0.00020152489367166243,207
214,9.551840702692667,0.29510467145776975,3.031616687774658,0.07379033953893899,100,0.0001,rbf,"{'C': 100, 'gamma': 0.0001, 'kernel': 'rbf'}",0.835583796664019,0.8457914572864321,0.8447107047138577,0.8420283664053188,0.004578670940749403,87
215,12.11569619178772,0.5176581595011124,3.901932160059611,0.09930256469627291,100,0.0001,sigmoid,"{'C': 100, 'gamma': 0.0001, 'kernel': 'sigmoid'}",0.8039122890045748,0.8118220405596603,0.8122147017157249,0.8093160341725102,0.003824691632430947,93
216,15.806771993637085,0.7951397464206599,5.30766749382019,0.1322508188633843,100,0.001,poly,"{'C': 100, 'gamma': 0.001, 'kernel': 'poly'}",0.748833783452001,0.7578163771712159,0.7605950743842981,0.7557478939739446,0.005019271162560811,134
217,9.303837299346924,0.43577973505005785,2.262767473856608,0.04946287932198395,100,0.001,rbf,"{'C': 100, 'gamma': 0.001, 'kernel': 'rbf'}",0.8759241401478625,0.8907086614173229,0.8836037171208064,0.8834121524355758,0.006037597104464559,77
218,14.875715335210165,0.2288661487412528,3.5669267972310386,0.06990152494348119,100,0.001,sigmoid,"{'C': 100, 'gamma': 0.001, 'kernel': 'sigmoid'}",0.79213217938631,0.7978039215686274,0.7979274611398964,0.7959543099590725,0.0027033414457977695,112
219,10.87168033917745,0.35769409164836274,2.0045668284098306,0.10523030624384229,100,0.01,poly,"{'C': 100, 'gamma': 0.01, 'kernel': 'poly'}",0.9073201382343701,0.9148903065193714,0.9108569638101206,0.9110224871997442,0.003092887992034095,71
220,10.366225242614746,0.46598628249329027,1.3079102834065754,0.08500451284640557,100,0.01,rbf,"{'C': 100, 'gamma': 0.01, 'kernel': 'rbf'}",0.948450347881088,0.9581062139853606,0.9511552178632346,0.952570744426242,0.0040672457818460885,12
221,7.780542532602946,0.5519095227780098,2.517017126083374,0.04550501799911718,100,0.01,sigmoid,"{'C': 100, 'gamma': 0.01, 'kernel': 'sigmoid'}",0.6847826086956522,0.6858421220837327,0.6845572874819219,0.6850607265227576,0.0005601781718473731,159
222,80.66681933403015,16.80919583202972,0.7509857813517252,0.012958989827721359,100,0.1,poly,"{'C': 100, 'gamma': 0.1, 'kernel': 'poly'}",0.9271056661562023,0.9257759784075573,0.9290769462430357,0.9273193425509254,0.0013560236708644612,66
223,6.953287839889526,0.11997281572886288,1.8793549537658691,0.03657180721228639,100,0.1,rbf,"{'C': 100, 'gamma': 0.1, 'kernel': 'rbf'}",0.9858483065670218,0.9859333017227755,0.9837513803439029,0.9851778152259597,0.0010090770151577272,1
224,11.04471238454183,0.8979796388157043,3.4047981103261313,0.013909601856706456,100,0.1,sigmoid,"{'C': 100, 'gamma': 0.1, 'kernel': 'sigmoid'}",0.6262104583602324,0.635582431572247,0.627056380769845,0.6296166970178578,0.004232859959833851,236
225,86.15122771263123,6.002681437776579,0.7615915139516195,0.009251674223510194,100,1,poly,"{'C': 100, 'gamma': 1, 'kernel': 'poly'}",0.9271502907866545,0.9255925592559255,0.9294755877034359,0.9274059248683627,0.0015954718230610163,21
226,47.27619179089864,1.2823894331853563,5.3642613887786865,0.061972412211379224,100,1,rbf,"{'C': 100, 'gamma': 1, 'kernel': 'rbf'}",0.9509243697478992,0.9561872909698996,0.9519650655021834,0.9530256886847963,0.0022757775842877424,8
227,13.031865994135538,3.5114749349311185,3.8077774047851562,0.03074044972595187,100,1,sigmoid,"{'C': 100, 'gamma': 1, 'kernel': 'sigmoid'}",0.6090009575486754,0.6071771867991028,0.5976900866217516,0.6046234841667679,0.0049580959267237264,246
228,80.37429285049438,10.79131457594502,0.7673907279968262,0.022243741971454907,100,10,poly,"{'C': 100, 'gamma': 10, 'kernel': 'poly'}",0.9271502907866545,0.9254537273136343,0.9294755877034359,0.9273596426111643,0.0016485348203327946,36
229,72.09401075045268,5.153808616312199,7.621375481287639,0.1651501734263653,100,10,rbf,"{'C': 100, 'gamma': 10, 'kernel': 'rbf'}",0.7600317838696861,0.7039036544850499,0.7024329382407984,0.7221248953659924,0.026813088224731225,148
230,11.966983477274576,5.1275709342587135,2.94312318166097,0.024947669792994023,100,10,sigmoid,"{'C': 100, 'gamma': 10, 'kernel': 'sigmoid'}",0.6047702897390748,0.6045840679596088,0.5975316557140566,0.6022958466359162,0.0033691099253396295,255
231,75.9649498462677,11.428226643489696,0.7611246109008789,0.0087398939457756,100,100,poly,"{'C': 100, 'gamma': 100, 'kernel': 'poly'}",0.9271502907866545,0.9254537273136343,0.9294755877034359,0.9273596426111643,0.0016485348203327946,36
232,56.046839555104576,2.527322134447539,6.902196168899536,0.20305344210851586,100,100,rbf,"{'C': 100, 'gamma': 100, 'kernel': 'rbf'}",0.4757020757020757,0.39702105803800714,0.4126176545408293,0.4284486202275353,0.03401710677456389,281
233,7.3409005006154375,0.27632588533037544,2.520104090372721,0.05530417788605598,100,100,sigmoid,"{'C': 100, 'gamma': 100, 'kernel': 'sigmoid'}",0.6041967003043409,0.6041065126724414,0.5963052208835342,0.6015367033600902,0.003698807331184526,272
234,79.65486741065979,9.765815245329335,0.7770142555236816,0.020313786796895134,100,1000,poly,"{'C': 100, 'gamma': 1000, 'kernel': 'poly'}",0.9271502907866545,0.9254537273136343,0.9294755877034359,0.9273596426111643,0.0016485348203327946,36
235,53.64120181401571,0.6286414977765751,6.7313432693481445,0.16405368419153243,100,1000,rbf,"{'C': 100, 'gamma': 1000, 'kernel': 'rbf'}",0.23871331828442435,0.18546511627906975,0.18657367044463816,0.2035858519611126,0.024844981526646947,287
236,7.663180271784465,0.22910523876038108,2.4590164025624595,0.05700203695711598,100,1000,sigmoid,"{'C': 100, 'gamma': 1000, 'kernel': 'sigmoid'}",0.6047405509288918,0.6042034333386812,0.5962712954034072,0.6017390105274221,0.0038718538905352217,271
237,83.66184171040852,5.781431214880309,0.768916924794515,0.01750082530170107,100,10000,poly,"{'C': 100, 'gamma': 10000, 'kernel': 'poly'}",0.9271502907866545,0.9255925592559255,0.9294755877034359,0.9274059248683627,0.0015954718230610163,21
238,44.17213257153829,2.148911117631138,6.722473224004109,0.1360677455146089,100,10000,rbf,"{'C': 100, 'gamma': 10000, 'kernel': 'rbf'}",0.09462759462759462,0.06629491945477077,0.07169344870210136,0.07753927861585329,0.012283556490393236,296
239,7.436472495396932,0.12069812393486455,2.509490172068278,0.013233381194655279,100,10000,sigmoid,"{'C': 100, 'gamma': 10000, 'kernel': 'sigmoid'}",0.6047702897390748,0.6048154093097913,0.5968182548609995,0.6021352191730217,0.003759104290277994,259
240,17.307264407475788,0.7537622077668814,5.645601749420166,0.09855860304510171,1000,1e-05,poly,"{'C': 1000, 'gamma': 1e-05, 'kernel': 'poly'}",0.6670941541092231,0.6666666666666666,0.6666666666666666,0.6668091777015116,0.00020152489367166243,207
241,10.62459429105123,0.47044642112946405,3.2532729307810464,0.024288247693031284,1000,1e-05,rbf,"{'C': 1000, 'gamma': 1e-05, 'kernel': 'rbf'}",0.8096820123398195,0.8224740321057602,0.8216981132075472,0.817950985678509,0.005856088654359682,90
242,11.902240832646688,0.22096533360949577,3.8610610961914062,0.009363098666569699,1000,1e-05,sigmoid,"{'C': 1000, 'gamma': 1e-05, 'kernel': 'sigmoid'}",0.8039122890045748,0.8119496855345911,0.8120868744098205,0.809315987042873,0.0038217080264907953,94
243,17.505440791447956,0.43634023049299153,5.675632079442342,0.13368972655736003,1000,0.0001,poly,"{'C': 1000, 'gamma': 0.0001, 'kernel': 'poly'}",0.6670941541092231,0.6668091015917104,0.6668804103879449,0.666927893767678,0.00012112353457178309,204
244,11.433672348658243,0.6738176709124912,2.656174818674723,0.07938024507029892,1000,0.0001,rbf,"{'C': 1000, 'gamma': 0.0001, 'kernel': 'rbf'}",0.8551349624660597,0.8678593848085374,0.8620797989318252,0.8616913405801444,0.0052022554892628544,84
245,14.538405497868856,0.9319124933039167,3.842681090037028,0.026012552650070252,1000,0.0001,sigmoid,"{'C': 1000, 'gamma': 0.0001, 'kernel': 'sigmoid'}",0.8042929292929292,0.8115759672853098,0.8111338260732819,0.8090006797232774,0.0033340384493136363,96
246,12.972661336263021,0.20490840067083463,4.097883780797322,0.0767109699667178,1000,0.001,poly,"{'C': 1000, 'gamma': 0.001, 'kernel': 'poly'}",0.8072226999140156,0.8043478260869564,0.7963418923672178,0.8026381452504544,0.004603550759650884,104
247,19.55955449740092,1.7382505357191733,1.9188223679860432,0.09268200209754367,1000,0.001,rbf,"{'C': 1000, 'gamma': 0.001, 'kernel': 'rbf'}",0.8945337620578778,0.9096338205249097,0.9047470331043097,0.9029713489133012,0.006291426083198145,75
248,13.54157813390096,0.44041413564883314,3.005793809890747,0.11219411779807498,1000,0.001,sigmoid,"{'C': 1000, 'gamma': 0.001, 'kernel': 'sigmoid'}",0.7398079647410672,0.7408108534469159,0.7402985074626866,0.7403057759931935,0.0004094817116246138,139
249,18.18904225031535,0.29117947449452025,1.2707525889078777,0.03806641718145277,1000,0.01,poly,"{'C': 1000, 'gamma': 0.01, 'kernel': 'poly'}",0.9289684990735021,0.9314693815529554,0.9277274819702317,0.9293886316152848,0.0015562071002423624,18
250,24.171739896138508,0.6821781889397355,0.9018865426381429,0.022234738615735824,1000,0.01,rbf,"{'C': 1000, 'gamma': 0.01, 'kernel': 'rbf'}",0.962776025236593,0.968924798011187,0.9653035935563816,0.9656681778735561,0.0025235584144919962,6
251,7.45149842898051,0.28416669185317756,2.479615052541097,0.0481188749347689,1000,0.01,sigmoid,"{'C': 1000, 'gamma': 0.01, 'kernel': 'sigmoid'}",0.6829814459373,0.68416,0.6826675257731959,0.6832697215533737,0.0006424832988723755,160
252,79.98191301027934,15.061256774923095,0.7560586134592692,0.006853311380797035,1000,0.1,poly,"{'C': 1000, 'gamma': 0.1, 'kernel': 'poly'}",0.9271502907866545,0.9255925592559255,0.9293355431670937,0.9273592533287999,0.0015351545518015668,64
253,7.052579641342163,0.12420997106919252,1.882953405380249,0.035461443244479036,1000,0.1,rbf,"{'C': 1000, 'gamma': 0.1, 'kernel': 'rbf'}",0.9858483065670218,0.9859333017227755,0.9837513803439029,0.9851778152259597,0.0010090770151577272,1
254,10.992335160573324,0.8845286501616549,3.419243097305298,0.013745606087094978,1000,0.1,sigmoid,"{'C': 1000, 'gamma': 0.1, 'kernel': 'sigmoid'}",0.6262104583602324,0.6358142493638678,0.6274948107935494,0.6298400899896166,0.004257118937774164,235
255,85.44123697280884,6.108199280456984,0.756050189336141,0.017526974680824304,1000,1,poly,"{'C': 1000, 'gamma': 1, 'kernel': 'poly'}",0.9271502907866545,0.9255925592559255,0.9294755877034359,0.9274059248683627,0.0015954718230610163,21
256,47.485227823257446,1.499053838478238,5.350376685460408,0.06675446452258992,1000,1,rbf,"{'C': 1000, 'gamma': 1, 'kernel': 'rbf'}",0.9509243697478992,0.9561872909698996,0.9519650655021834,0.9530256886847963,0.0022757775842877424,8
257,13.045862595240274,3.5132974157507904,3.82312281926473,0.04095651583939793,1000,1,sigmoid,"{'C': 1000, 'gamma': 1, 'kernel': 'sigmoid'}",0.6090009575486754,0.6068855084067254,0.5976900866217516,0.6045262476507873,0.004909683877356945,247
258,80.14822872479756,10.529914941239925,0.7788662910461426,0.023667872721730605,1000,10,poly,"{'C': 1000, 'gamma': 10, 'kernel': 'poly'}",0.9271502907866545,0.9254537273136343,0.9294755877034359,0.9273596426111643,0.0016485348203327946,36
259,71.84356586138408,3.904281481869858,7.521731774012248,0.1910265332697788,1000,10,rbf,"{'C': 1000, 'gamma': 10, 'kernel': 'rbf'}",0.7600317838696861,0.7039036544850499,0.7024329382407984,0.7221248953659924,0.026813088224731225,148
260,12.042910178502401,5.195653403080659,2.9951814810434976,0.04350958944987721,1000,10,sigmoid,"{'C': 1000, 'gamma': 10, 'kernel': 'sigmoid'}",0.6047702897390748,0.6045840679596088,0.5975316557140566,0.6022958466359162,0.0033691099253396295,255
261,79.59869472185771,11.332224475996805,0.7774554093678793,0.02455320616866144,1000,100,poly,"{'C': 1000, 'gamma': 100, 'kernel': 'poly'}",0.9271502907866545,0.9254537273136343,0.9294755877034359,0.9273596426111643,0.0016485348203327946,36
262,56.3309683005015,2.768794189639922,6.881587505340576,0.1518889637426396,1000,100,rbf,"{'C': 1000, 'gamma': 100, 'kernel': 'rbf'}",0.4757020757020757,0.39702105803800714,0.4126176545408293,0.4284486202275353,0.03401710677456389,281
263,7.642886797587077,0.3112866995964667,2.489109992980957,0.024665804441757623,1000,100,sigmoid,"{'C': 1000, 'gamma': 100, 'kernel': 'sigmoid'}",0.6049639711769416,0.6041065126724414,0.5963052208835342,0.6017924876362477,0.0038952248571799543,268
264,77.99896963437398,9.650374681054869,0.7991174062093099,0.038994820295533424,1000,1000,poly,"{'C': 1000, 'gamma': 1000, 'kernel': 'poly'}",0.9271502907866545,0.9254537273136343,0.9294755877034359,0.9273596426111643,0.0016485348203327946,36
265,53.799701611200966,1.0903757259977724,6.710582494735718,0.2078189240417993,1000,1000,rbf,"{'C': 1000, 'gamma': 1000, 'kernel': 'rbf'}",0.23871331828442435,0.18546511627906975,0.18657367044463816,0.2035858519611126,0.024844981526646947,287
266,7.33667254447937,0.3053172131933518,2.4586074352264404,0.0222952794530937,1000,1000,sigmoid,"{'C': 1000, 'gamma': 1000, 'kernel': 'sigmoid'}",0.6047405509288918,0.6042034333386812,0.5965589323042289,0.6018348690117806,0.003736493325111673,265
267,86.4200115998586,8.052955010446487,0.7682016690572103,0.012406973690785908,1000,10000,poly,"{'C': 1000, 'gamma': 10000, 'kernel': 'poly'}",0.9271502907866545,0.9255925592559255,0.9294755877034359,0.9274059248683627,0.0015954718230610163,21
268,45.056129455566406,2.7123497909224774,6.902856270472209,0.27866041926098295,1000,10000,rbf,"{'C': 1000, 'gamma': 10000, 'kernel': 'rbf'}",0.09462759462759462,0.06629491945477077,0.07169344870210136,0.07753927861585329,0.012283556490393236,296
269,7.350779851277669,0.29626306492889803,2.426173130671183,0.02303569831429132,1000,10000,sigmoid,"{'C': 1000, 'gamma': 10000, 'kernel': 'sigmoid'}",0.6047702897390748,0.6047183437650456,0.5968182548609995,0.602102860535428,0.003736242000983006,261
270,16.857589960098267,0.45909964767972744,5.56881308555603,0.16503412722331895,10000,1e-05,poly,"{'C': 10000, 'gamma': 1e-05, 'kernel': 'poly'}",0.6670941541092231,0.6666666666666666,0.6666666666666666,0.6668091777015116,0.00020152489367166243,207
271,14.139153162638346,0.5849414968130606,3.01510222752889,0.02965324240303357,10000,1e-05,rbf,"{'C': 10000, 'gamma': 1e-05, 'kernel': 'rbf'}",0.8346331370364476,0.8468071720666877,0.8442131819615264,0.841884248283577,0.005235926250601852,88
272,14.190171003341675,0.24543117437692458,3.8150996367136636,0.13428384424430784,10000,1e-05,sigmoid,"{'C': 10000, 'gamma': 1e-05, 'kernel': 'sigmoid'}",0.8043546860208267,0.8116443745082612,0.8112020138451856,0.8090667967430316,0.003337122217289474,95
273,17.087454239527386,0.7685517268950106,5.636995871861775,0.1574094736836106,10000,0.0001,poly,"{'C': 10000, 'gamma': 0.0001, 'kernel': 'poly'}",0.675546891921161,0.6752488100389442,0.6746675316250406,0.6751544632009843,0.0003651350134453653,164
274,25.58637309074402,1.564425299466708,2.3027219772338867,0.11567309442093707,10000,0.0001,rbf,"{'C': 10000, 'gamma': 0.0001, 'kernel': 'rbf'}",0.8743169398907104,0.8885039370078741,0.8835670395462424,0.8821291519103565,0.00588065984258345,78
275,26.52183707555135,0.8803257532402561,3.780595064163208,0.030880746125293058,10000,0.0001,sigmoid,"{'C': 10000, 'gamma': 0.0001, 'kernel': 'sigmoid'}",0.8032191888906423,0.8113385826771654,0.809119496855346,0.8078922917380695,0.003426568904245368,98
276,10.540369828542074,0.11767342001223022,3.059659004211426,0.050782053454509445,10000,0.001,poly,"{'C': 10000, 'gamma': 0.001, 'kernel': 'poly'}",0.8623308022449653,0.8643315244203255,0.8596985257578268,0.8621205428206358,0.0018971987249084357,79
277,85.11794797579448,6.087790376129857,1.511311928431193,0.06748263298981672,10000,0.001,rbf,"{'C': 10000, 'gamma': 0.001, 'kernel': 'rbf'}",0.909762363519589,0.9300731973212895,0.9264957264957265,0.9221099606976126,0.008853063214853246,69
278,12.105831543604532,0.7436319867299124,2.327599048614502,0.05073458187562751,10000,0.001,sigmoid,"{'C': 10000, 'gamma': 0.001, 'kernel': 'sigmoid'}",0.70343725019984,0.7108472400513479,0.711783439490446,0.7086889794150981,0.003733444781441424,152
279,52.10873524347941,5.622785206083349,0.862476110458374,0.014002280891794637,10000,0.01,poly,"{'C': 10000, 'gamma': 0.01, 'kernel': 'poly'}",0.9296290642649976,0.9333735302984625,0.9359769940971697,0.9329928775064866,0.002605405256346808,14
280,38.61080423990885,1.860328037248683,0.7731962203979492,0.03441113599165743,10000,0.01,rbf,"{'C': 10000, 'gamma': 0.01, 'kernel': 'rbf'}",0.9601135109569604,0.9657417454658193,0.9643742255266418,0.9634097243044881,0.0023968834239159686,7
281,7.598419030507405,0.32016927308442195,2.4567211469014487,0.05845391148097014,10000,0.01,sigmoid,"{'C': 10000, 'gamma': 0.01, 'kernel': 'sigmoid'}",0.6823491758681389,0.6842610364683301,0.6827619507484307,0.6831240930396522,0.0008214739232912314,161
282,77.85314130783081,11.439858245515556,0.765696128209432,0.019285237622815865,10000,0.1,poly,"{'C': 10000, 'gamma': 0.1, 'kernel': 'poly'}",0.9271502907866545,0.9255925592559255,0.9293355431670937,0.9273592533287999,0.0015351545518015668,64
283,6.786529064178467,0.11606574161078603,1.8539735476175945,0.05042738537207591,10000,0.1,rbf,"{'C': 10000, 'gamma': 0.1, 'kernel': 'rbf'}",0.9858483065670218,0.9859333017227755,0.9837513803439029,0.9851778152259597,0.0010090770151577272,1
284,11.16769035657247,1.0688040059486494,3.415832042694092,0.022737149446948938,10000,0.1,sigmoid,"{'C': 10000, 'gamma': 0.1, 'kernel': 'sigmoid'}",0.6264516129032258,0.6361323155216285,0.6274948107935494,0.6300265168008807,0.004338749019459278,234
285,89.35454456011455,4.98120803489132,0.7596244812011719,0.01170283996318037,10000,1,poly,"{'C': 10000, 'gamma': 1, 'kernel': 'poly'}",0.9271502907866545,0.9255925592559255,0.9294755877034359,0.9274059248683627,0.0015954718230610163,21
286,48.71766948699951,1.5478762534640862,6.854800303777059,1.9502677441613585,10000,1,rbf,"{'C': 10000, 'gamma': 1, 'kernel': 'rbf'}",0.9509243697478992,0.9561872909698996,0.9519650655021834,0.9530256886847963,0.0022757775842877424,8
287,13.25180713335673,3.5966588963244814,3.777945359547933,0.013905098080440383,10000,1,sigmoid,"{'C': 10000, 'gamma': 1, 'kernel': 'sigmoid'}",0.6090009575486754,0.6068855084067254,0.5976900866217516,0.6045262476507873,0.004909683877356945,247
288,79.57015140851338,9.614622529597378,0.7640712261199951,0.014110307550349265,10000,10,poly,"{'C': 10000, 'gamma': 10, 'kernel': 'poly'}",0.9271502907866545,0.9254537273136343,0.9294755877034359,0.9273596426111643,0.0016485348203327946,36
289,72.41899466514587,5.332785300375714,7.519225517908732,0.02367586966826394,10000,10,rbf,"{'C': 10000, 'gamma': 10, 'kernel': 'rbf'}",0.7600317838696861,0.7039036544850499,0.7024329382407984,0.7221248953659924,0.026813088224731225,148
290,11.717578172683716,4.87852461303265,2.9141247272491455,0.02403477094145287,10000,10,sigmoid,"{'C': 10000, 'gamma': 10, 'kernel': 'sigmoid'}",0.6047702897390748,0.6045840679596088,0.5975316557140566,0.6022958466359162,0.0033691099253396295,255
291,75.11324222882588,8.447998284908847,0.7687867482503256,0.017794792360678678,10000,100,poly,"{'C': 10000, 'gamma': 100, 'kernel': 'poly'}",0.9271502907866545,0.9254537273136343,0.9294755877034359,0.9273596426111643,0.0016485348203327946,36
292,56.3432993888855,3.1186337202615033,6.937666018803914,0.15288168912288316,10000,100,rbf,"{'C': 10000, 'gamma': 100, 'kernel': 'rbf'}",0.4757020757020757,0.39702105803800714,0.4126176545408293,0.4284486202275353,0.03401710677456389,281
293,7.514995972315471,0.35553735337985526,2.506781895955404,0.05475892737905274,10000,100,sigmoid,"{'C': 10000, 'gamma': 100, 'kernel': 'sigmoid'}",0.6049639711769416,0.6041065126724414,0.5963052208835342,0.6017924876362477,0.0038952248571799543,268
294,78.73008131980896,10.264001697364552,0.7633147239685059,0.01135078430680843,10000,1000,poly,"{'C': 10000, 'gamma': 1000, 'kernel': 'poly'}",0.9271502907866545,0.9254537273136343,0.9294755877034359,0.9273596426111643,0.0016485348203327946,36
295,54.56821091969808,0.2692384713465101,6.858181715011597,0.2022895996380263,10000,1000,rbf,"{'C': 10000, 'gamma': 1000, 'kernel': 'rbf'}",0.23871331828442435,0.18546511627906975,0.18657367044463816,0.2035858519611126,0.024844981526646947,287
296,7.511526981989543,0.3282702945707422,2.4295422236124673,0.00933528247645605,10000,1000,sigmoid,"{'C': 10000, 'gamma': 1000, 'kernel': 'sigmoid'}",0.6047405509288918,0.6045914271953765,0.5965589323042289,0.6019642141118389,0.0038219840001792716,264
297,82.22216192881267,5.423308106804454,0.7636698087056478,0.012936819153305643,10000,10000,poly,"{'C': 10000, 'gamma': 10000, 'kernel': 'poly'}",0.9271502907866545,0.9255925592559255,0.9294755877034359,0.9274059248683627,0.0015954718230610163,21
298,42.52251752217611,0.5573308164822877,5.03188419342041,1.053114952028881,10000,10000,rbf,"{'C': 10000, 'gamma': 10000, 'kernel': 'rbf'}",0.09462759462759462,0.06629491945477077,0.07169344870210136,0.07753927861585329,0.012283556490393236,296
299,7.462352832158406,0.08371588828491819,2.4847710132598877,0.013058822311131538,10000,10000,sigmoid,"{'C': 10000, 'gamma': 10000, 'kernel': 'sigmoid'}",0.6047702897390748,0.6047183437650456,0.5968182548609995,0.602102860535428,0.003736242000983006,261
